date_measured,lake,year,id,sl,body_depth,ap_length,ap_width,jaw_length,plate_r,plate_l,ppl,ppw,dorsal_1,dorsal_2,pspine_r,pspine_l,pspine_num,pscore_r,pscore_l,sex,comments,...23,year_group
45580,Croche,2021,F21001,50.8,10.07,5.39,1.62,3.8,C,C,9.78,3.41,NA,4.91,5.24,NA,2,4,4,F,NA,NA,2021_2023
45580,Croche,2021,F21002,32.63,7.55,4.28,1.32,2.24,C,C,5.85,2.97,3.3,4.32,5.19,5.18,2,4,4,F,NA,plate morphs,2021_2023
45580,Croche,2021,F21003,53.29,11.43,6.04,2.1,4.37,C,C,10.87,4.21,5.69,5.72,7.33,7.44,2,4,4,F,NA,"C = complete (0, 1 or 2 gaps)",2021_2023
45580,Croche,2021,F21004,57.67,12.17,6.78,1.97,4.2,C,C,11.66,3.79,5.12,6.25,8.01,8.34,2,4,4,M,NA,P = partial (3 gaps),2021_2023
45580,Croche,2021,F21005,53.86,11.05,6.78,1.72,4.92,C,C,10.59,3.77,4.72,5.16,7.28,7.39,2,4,4,M,NA,L = low (gaps more than 3),2021_2023
45580,Croche,2021,F21006,51.43,11.38,6.03,0.83,4.68,P,P,10.72,3.74,5.16,5.76,8.2,8.26,2,4,4,M,NA,NA,2021_2023
45580,Croche,2021,F21007,35.1,7.6,4.17,0.97,2.66,C,P,7.57,2.6,4.06,4.51,5.48,5.52,2,4,4,F,3 plate gap left side,NA,2021_2023
45580,Croche,2021,F21008,38.34,7.98,4.27,1.72,2.84,C,C,7.61,2.77,3.98,4.23,6.44,6.13,2,4,4,M,NA,NA,2021_2023
45580,Croche,2021,F21009,36.68,7.94,3.16,0.82,2.76,C,C,NA,NA,3.58,3.87,NA,NA,0,2,2,M,NA,NA,2021_2023
45586,Croche,2022,SGH220011,34.87,7.47,3.59,0.98,2.75,NA,NA,6.45,2.46,2.73,3.38,4.53,4.92,2,4,4,F,"trap mortality, severed tail",NA,2021_2023
45586,Croche,2022,SGH220012,42.89,8.62,4.7,1.26,3.28,C,C,8.61,2.98,4.09,4.29,6.79,6.93,2,4,4,M,NA,NA,2021_2023
45594,Croche,2022,SGH220013,49.57,10.4,5.3,1.38,4.49,C,C,9.49,3.47,4.06,4.88,6.03,6.04,2,4,4,M,NA,NA,2021_2023
45594,Croche,2022,SGH220014,45.31,9.48,5.17,1.19,3.18,P,C,8.71,3.23,3.85,4.83,6.42,6.68,2,4,4,F,3 space and a 1 space gap in plates on right side,NA,2021_2023
45594,Croche,2022,SGH220015,34.42,9.07,4.31,0.75,2.45,P,P,4.77,2.71,2.82,3.35,4.72,4.41,2,4,4,M,reduced keel,NA,2021_2023
45586,Croche,2022,SGH220016,46.73,9.84,5.22,1.2,3.65,P,P,8.56,3.11,4.19,4.59,5.65,6.22,2,4,4,F,NA,NA,2021_2023
45586,Croche,2022,SGH220017,52.38,11.11,5.82,1.39,3.78,C,C,10.02,3.63,4.79,5.61,7.22,7.67,2,4,4,F,NA,NA,2021_2023
45594,Croche,2022,SGH220018,40.65,8.34,4.32,1.1,3.14,C,C,NA,NA,4.06,4.21,NA,5.39,1,3,4,M,"partial pelvic girdle, 1 plate gap on both sides",NA,2021_2023
45586,Croche,2022,SGH220019,54.29,11.61,5.1,1.45,4.36,C,C,10.18,3.96,5.4,6.03,7.13,7.47,2,4,4,F,NA,NA,2021_2023
45589,Croche,2022,SGH220020,34.36,7.49,4.25,0.87,2.84,P,P,6.34,2.62,3.1,3.67,5.03,5.12,2,4,4,F,1 plate gap on left side,NA,2021_2023
45586,Croche,2022,SGH220021,55.47,12.19,6.33,1.37,4.64,C,C,11.03,3.67,4.63,5.14,7.8,7.75,2,4,4,F,NA,NA,2021_2023
45586,Croche,2022,SGH220022,49.22,11.56,5.85,1.29,3.82,P,P,8.36,3.97,3.58,4.12,5.38,5.83,2,4,4,F,NA,NA,2021_2023
45586,Croche,2022,SGH220023,38.44,7.49,3.51,0.62,2.8,C,C,NA,NA,3.49,3.92,NA,NA,0,2,3,F,"partial pelvic girdle, 1 plate gap on both sides",NA,2021_2023
45586,Croche,2022,SGH220024,55.84,11.99,5.58,1.37,4.83,C,C,10.33,3.96,5.75,5.73,6.63,6.25,2,4,4,F,tapeworm? in gut but not body cavity *,NA,2021_2023
45589,Croche,2022,SGH220025,46.16,9.96,5.21,1.42,3.9,C,C,7.76,3.14,5.11,5.29,7.03,7.05,2,4,4,M,NA,NA,2021_2023
45594,Croche,2022,SGH220026,39.7,8.23,4.82,0.98,3.26,P,P,7.13,2.83,3.3,3.73,5.62,5.74,2,4,4,F,NA,NA,2021_2023
45586,Croche,2022,SGH220027,36.65,7.26,4.23,0.96,2.81,P,P,6.78,2.47,NA,4.33,5.65,5.63,2,4,4,F,NA,NA,2021_2023
45594,Croche,2022,SGH220028,42.2,8.78,4.55,1.14,3.25,P,C,7.54,2.82,3.71,4.17,5.07,5.72,2,4,4,M,3 space gap on right side,NA,2021_2023
45594,Croche,2022,SGH220029,46.65,9.94,5.06,1.14,3.75,C,C,9.08,3.33,4.47,4.73,7.13,7.09,2,4,4,M,NA,NA,2021_2023
45586,Croche,2022,SGH220030,38.47,8.03,4.51,1.06,3.27,P,P,7.56,2.69,3.87,4.31,6.02,6.15,2,4,4,M,NA,NA,2021_2023
45594,Croche,2022,SGH220031,38.64,8.14,4.44,1.04,3.21,C,C,7.38,2.83,4.19,4.49,4.59,6.25,2,4,4,M,last plates very reduced,NA,2021_2023
45589,Croche,2022,SGH220032,37.23,8.84,4.42,1.09,2.8,P,P,4.94,2.73,2.79,3.42,4.52,4.59,2,4,4,M,"missing bottom half, isolated plates anterior to keel",NA,2021_2023
45589,Croche,2022,SGH220033,38.41,7.64,3.96,1.01,2.88,P,P,5.83,2.69,3.1,3.48,4.6,4.68,2,4,4,F,isolated plates anterior to keel,NA,2021_2023
45586,Croche,2022,SGH220034,38.25,7.65,4.3,0.77,2.74,P,P,6.55,2.66,2.91,3.57,5.01,5.27,2,4,4,F,NA,NA,2021_2023
45594,Croche,2022,SGH220035,36.16,7.63,4.34,0.84,3.02,C,C,7.26,2.62,3.08,3.71,4.96,5.04,2,4,4,M,isolated plates anterior to keel,NA,2021_2023
45586,Croche,2022,SGH220036,38.53,7.79,4.16,0.98,3.15,P,P,7.24,2.54,3.62,3.45,5.63,5.72,2,4,4,M,NA,NA,2021_2023
45594,Croche,2022,SGH220037,58.57,12.58,5.97,1.55,5.44,C,C,9.79,4.09,4.19,5.01,6.83,6.97,2,4,4,M,missing DS3,NA,2021_2023
45594,Croche,2022,SGH220038,49.27,10.41,5.71,1.33,3.85,P,P,9.31,3.52,3.44,3.79,5.73,6.05,2,4,4,M,NA,NA,2021_2023
45586,Croche,2022,SGH220039,39.7,8.37,4.74,0.97,NA,P,P,6.92,2.53,3.22,3.54,5.34,5.07,2,4,4,M,NA,NA,2021_2023
45589,Croche,2022,SGH220040,59.43,12.75,6.32,1.46,4.09,C,C,9.14,4.48,4.49,4.61,6.86,7.03,2,4,4,F,"has eggs, but ""male"" dentition",NA,2021_2023
45594,Croche,2022,SGH220041,38.76,7.81,4.34,1.12,2.94,C,C,7.21,2.61,3.59,4.17,6.04,6.07,2,4,4,U,"trap mortality, some tissue decay",NA,2021_2023
45594,Croche,2022,SGH220042,37.32,8.02,4.53,1.17,2.62,P,P,6.53,2.51,2.78,3.69,5.4,5.54,2,4,4,M,NA,NA,2021_2023
45589,Croche,2022,SGH220043,55.38,12.59,6.4,1.49,4.35,C,C,10.74,3.94,3.42,5.19,7.7,7.73,2,4,4,F,NA,NA,2021_2023
45594,Croche,2022,SGH220044,53.41,11.77,5.76,1.25,4.49,P,P,9.46,4.2,5.14,5.48,7.07,6.83,2,4,4,F,NA,NA,2021_2023
45589,Croche,2022,SGH220045,46.02,9.04,5.28,1.16,NA,C,C,8.27,2.91,4.37,4.56,6.65,6.6,2,4,4,M,NA,NA,2021_2023
45594,Croche,2022,SGH220046,44.57,9.41,5.43,1.45,3.54,P,P,7.89,3.13,3.66,4.23,5.93,6.03,2,4,4,M,"has testes, but ""female"" dentition (caldecutt et al 2001?), mouth open",NA,2021_2023
45586,Croche,2022,SGH220047,41.76,8.4,4.69,1.02,NA,C,C,7.72,2.79,3.71,3.95,4.17,5.54,2,4,4,M,"has testes, but ""female"" dentition (caldecutt et al 2001?), mouth open",NA,2021_2023
45589,Croche,2022,SGH220048,45.34,9.42,5.18,1.36,3.86,C,C,8.34,8.13,4.95,4.75,6.63,6.83,2,4,4,M,NA,NA,2021_2023
45589,Croche,2022,SGH220049,38.2,8.26,4.24,1.06,2.59,P,P,6.92,2.79,3.46,3.67,5.42,5.61,2,4,4,M,NA,NA,2021_2023
45594,Croche,2022,SGH220050,39.52,8.39,4.58,1.13,NA,P,P,7.39,2.61,3.9,4.58,6.36,6.52,2,4,4,M,NA,NA,2021_2023
45589,Croche,2022,SGH220051,44.69,9.93,4.96,1.1,3.43,P,P,NA,NA,3.74,4.4,NA,4.91,1,3,4,F,"partial pelvic girdle, 1 space gap in plates on right side",NA,2021_2023
45601,Croche,2023,SGH230002,58.72,12.97,6.04,1.36,NA,C,C,10.64,4.57,4.29,5.24,7.74,8.06,2,4,4,F,Glugea anomala,NA,2021_2023
45601,Croche,2023,SGH230003,49.01,10.65,6.09,1.13,4.52,C,P,9.21,3.71,4.43,4.51,7.19,5.77,2,4,4,M,"3 plate gap left side, 1 plate gap right side",NA,2021_2023
45601,Croche,2023,SGH230004,53.07,11.02,5.88,1.28,3.94,C,C,10.04,3.98,3.21,5.03,6.66,6.85,2,4,4,F,D1 broken off?,NA,2021_2023
45601,Croche,2023,SGH230005,49.09,10.53,5.55,1.52,4.71,C,P,8.41,3.6,NA,5.14,7.34,7.43,2,4,4,M,"3 plate gap left side, 1 plate gap right side",NA,2021_2023
45601,Croche,2023,SGH230006,54.53,10.97,5.23,1.26,NA,C,C,8.73,3.89,4.64,5.15,6.7,6.66,2,4,4,F,NA,NA,2021_2023
45601,Croche,2023,SGH230007,58.46,12.45,6.42,1.83,4.58,C,C,10.77,4.1,6.02,5.58,NA,6.86,2,4,4,F,partial pelvic girdle,NA,2021_2023
45595,Croche,2022,SGH230008,52.39,11.31,1.26,1.26,4.4,P,P,9.68,3.8,3.66,4.22,6.64,6.67,2,4,4,F,NA,NA,2021_2023
45595,Croche,2022,SGH230009,51.84,11.96,1.76,1.76,4.42,C,C,10.12,3.71,NA,6.29,8.44,8.47,2,4,4,F,NA,NA,2021_2023
45601,Croche,2023,SGH230010,56.13,12.35,7.27,1.48,5.19,P,P,11.01,3.92,5.58,6.18,9.02,9.3,2,4,4,M,NA,NA,2021_2023
45601,Croche,2023,SGH230011,56.67,13.09,6.81,1.63,4.6,C,C,11.28,4.03,4.14,6.19,8.76,9.04,2,4,4,F,NA,NA,2021_2023
45601,Croche,2023,SGH230012,52.02,10.84,5.72,1.22,4.87,C,C,9.64,3.59,4.4,4.81,7.09,7.03,2,4,4,M,NA,NA,2021_2023
45601,Croche,2023,SGH230013,49.86,10.39,5.44,1.35,3.7,C,C,9.36,3.33,4.36,4.77,5.53,6.06,2,4,4,F,NA,NA,2021_2023
45601,Croche,2023,SGH230014,52.49,11.42,5.81,1.31,4.72,C,C,9.55,3.82,3.97,4.03,NA,7.03,2,4,4,M,broken pelvic spine,NA,2021_2023
45601,Croche,2023,SGH230015,55.39,12.38,5.79,1.3,3.9,C,C,11.55,3.85,4.19,4.69,7.67,7.65,2,4,4,F,NA,NA,2021_2023
45601,Croche,2023,SGH230016,49.57,10.49,5.84,1.19,4.11,P,P,9.04,3.65,4.29,NA,6.92,7.16,2,4,4,M,NA,NA,2021_2023
45601,Croche,2023,SGH230017,54.74,11.67,6.12,1.47,NA,C,C,9.64,3.8,5.36,6.09,8.29,8.24,2,4,4,M,2 plate gap both sides,NA,2021_2023
45601,Croche,2023,SGH230018,53.54,10.65,5.67,1.38,NA,C,C,10.78,3.58,4.78,4.97,7.94,8.05,2,4,4,F,1 plate gap left side,NA,2021_2023
45601,Croche,2023,SGH230019,49.28,11.03,5.95,1.41,4.6,C,C,8.31,3.83,4.22,4.58,6.53,6.54,2,4,4,M,NA,NA,2021_2023
45601,Croche,2023,SGH230020,52.73,12.36,6.24,1.36,4.47,C,C,9.35,3.92,4.83,5.23,8.13,7.97,2,4,4,M,"large parasites, 1 plate gap left side",NA,2021_2023
45601,Croche,2023,SGH230021,52.4,12.07,6.33,1.47,4.74,P,P,10.45,3.98,4.36,4.73,7.73,7.83,2,4,4,M,NA,NA,2021_2023
45601,Croche,2023,SGH230022,50.78,9.49,NA,NA,NA,P,P,NA,NA,4.13,4.71,NA,NA,0,1,2,M,AP morphed? partial pelvic girdle,NA,2021_2023
45582,Foin,2022,FGH220004,36.12,7.74,4.11,1.28,2.66,P,P,7.12,2.65,4.17,4.23,6.19,6.4,2,4,4,F,NA,NA,2021_2023
45582,Foin,2022,FGH220005,35.19,7.95,3.73,1.17,2.43,C,C,7.05,2.69,3.77,3.97,5.86,5.63,2,4,4,F,NA,NA,2021_2023
45582,Foin,2022,FGH220006,43.9,10.56,6.17,1.48,3.41,C,C,8.69,3.3,5.51,5.66,6.97,7.41,2,4,4,M,1 plate gap on both sides,NA,2021_2023
45582,Foin,2022,FGH220007,37.3,8.18,4.45,1.24,2.74,P,C,7.27,2.72,3.33,4.28,5.41,5.76,2,4,4,M,"1 plate gap left side, 3 plate gap right side",NA,2021_2023
45582,Foin,2022,FGH220008,38.91,8.69,4.1,1.13,3.07,C,P,7.31,2.87,3.84,4.37,5.72,5.78,2,4,4,M,3 plate gap left side,NA,2021_2023
45582,Foin,2022,FGH220009,37.87,8.37,4.63,1.19,2.79,C,C,7.03,3.01,4.18,4.47,5.9,6.19,2,4,4,M,NA,NA,2021_2023
45582,Foin,2022,FGH220010,36.28,7.98,4.4,0.92,2.63,P,P,7.17,2.68,3.72,4.08,5.08,5.3,2,4,4,F,NA,NA,2021_2023
45582,Foin,2022,SGH220001,45.53,12.18,5.69,1.69,3.92,C,C,8.59,4.47,4.23,4.61,6.16,6.36,2,4,4,F,NA,NA,2021_2023
45582,Foin,2022,SGH220002,56.06,11.84,5.76,1.65,3.76,C,P,8.64,4.11,4.41,4.73,6.58,6.46,2,4,4,F,partial plate morph on left side,NA,2021_2023
45582,Foin,2022,SGH220003,49.33,11.33,5.96,1.73,4.13,P,P,9.44,4.16,4.44,4.71,6.43,6.61,2,4,4,M,1 plate gap on left side,NA,2021_2023
45582,Foin,2022,SGH220004,51.86,12.24,6.3,2.05,4.71,C,C,9.02,4.18,4.97,5.19,6.98,7.12,2,4,4,M,NA,NA,2021_2023
45582,Foin,2022,SGH220005,46.46,10.49,5.18,1.72,3.47,P,P,6.98,3.48,4.39,4.65,5.69,5.19,2,4,4,F,NA,NA,2021_2023
45582,Foin,2022,SGH220006,51.32,11.18,5.95,1.75,3.64,C,C,9.79,4.02,4.24,4.45,6.56,6.36,2,4,4,F,NA,NA,2021_2023
45582,Foin,2022,SGH220007,45.35,9.78,4.77,1.35,3.66,C,C,7.63,3.08,4.45,4.73,6.14,5.96,2,4,4,M,NA,NA,2021_2023
45582,Foin,2022,SGH220008,46.7,10.37,5.68,1.53,3.41,C,C,9.37,3.57,4.89,5.67,7.44,7.68,2,4,4,F,NA,NA,2021_2023
45582,Foin,2022,SGH220009,49.78,10.98,5.84,1.63,3.97,C,C,9.75,3.62,3.75,5.03,7.44,7.64,2,4,4,F,NA,NA,2021_2023
45582,Foin,2022,SGH220010,44.66,10.58,5.74,1.68,3.5,C,C,8.49,3.46,4.49,4.63,5.7,6.76,2,4,4,F,2 space gap in plates on right side,NA,2021_2023
45601,Foin,2023,SGH230001,53.48,12.41,6.57,1.58,4.74,C,C,9.18,4.31,3.82,NA,6.51,6.61,2,4,4,M,1 space gap in plates on right side,NA,2021_2023
45581,Rond,2022,FGH220001,39.45,8.64,4.49,1.04,2.98,P,P,7.52,2.97,4.23,4.42,7.18,6.96,2,4,4,M,NA,NA,2021_2023
45581,Rond,2022,FGH220002,51.56,11.77,5.06,1.32,4.51,P,P,9.42,3.65,4.24,4.86,5.96,5.93,2,4,4,M,NA,NA,2021_2023
45595,Rond,2022,SGH220054,43.14,8.93,4.29,0.7,3.57,P,P,NA,NA,3.34,3.7,NA,NA,0,3,3,F,"partial pelvic girdle, 1 plate gap on left side",NA,2021_2023
45595,Rond,2022,SGH220055,55.08,11.26,5.73,1.48,4.51,P,P,NA,NA,4.47,4.77,NA,7.08,1,3,4,M,"partial pelvic girdle, 1 plate gap on left side",NA,2021_2023
45595,Rond,2022,SGH220056,NA,10.44,4.6,1.01,3.82,NA,NA,NA,NA,3.32,3.9,NA,NA,0,3,3,U,partly consumed in trap,NA,2021_2023
45595,Rond,2022,SGH220057,38.16,8.72,4.8,0.98,2.87,P,P,5.1,2.94,3.42,3.55,4.81,5.18,2,4,4,F,NA,NA,2021_2023
45595,Rond,2022,SGH220058,50.44,9.23,4.72,0.72,3.62,C,C,6.74,3.6,4.09,4.41,5.26,NA,2,4,4,F,1 plate gap on left side,NA,2021_2023
45595,Rond,2022,SGH220059,39.92,7.96,NA,NA,3.14,P,P,NA,NA,2.76,3.25,NA,NA,0,3,3,F,partial pelvic girdle,NA,2021_2023
45595,Rond,2022,SGH220060,38.1,7.52,3.48,0.92,2.72,P,P,5.98,2.49,2.67,3.36,4.69,4.61,2,4,4,M,NA,NA,2021_2023
45581,Sutherland,2022,FGH220003,49.84,10.4,5.49,1.37,3.65,P,P,9.51,3.47,5.09,5.16,7.14,7.24,2,4,4,F,NA,NA,2021_2023
45595,Sutherland,2022,SGH220052,49.32,5.59,5.44,1.39,4.43,C,C,NA,NA,4.94,5.52,NA,NA,1,3,3,M,"partial pelvic girdle, part of upper jaw missing, pelvic spine immovable (malformed joint)",NA,2021_2023
45595,Sutherland,2022,SGH220053,53.83,11.51,6.82,1.54,4.35,P,P,9.7,4.03,4.13,4.96,7.21,7.47,2,4,4,M,NA,NA,2021_2023
45595,Temiscouata,2022,SGH220061,36.6,6.37,NA,NA,2.52,P,P,NA,NA,2.95,3.47,NA,NA,0,3,3,F,partial pelvic girdle,NA,2021_2023
45595,Temiscouata,2022,SGH220062,46.15,10.16,5.35,1.53,3.41,C,C,10.34,3.98,5.52,5.7,7.96,7.59,2,4,4,M,NA,NA,2021_2023
45595,Temiscouata,2022,SGH220063,57.07,12.2,7.47,1.87,3.98,C,C,12.89,4.71,6.36,7.18,9.96,9.87,2,4,4,M,NA,NA,2021_2023
45595,Temiscouata,2022,SGH220064,54.63,12.18,6.56,2.04,3.67,C,C,11.03,4.58,5.24,5.72,8.19,8.3,2,4,4,M,NA,NA,2021_2023
45595,Temiscouata,2022,SGH220065,59.4,13.33,7.72,2.49,4.31,C,C,13.96,5.63,6.17,6.88,9.68,9.67,2,4,4,M,NA,NA,2021_2023
45595,Temiscouata,2022,SGH220066,53.57,11.75,6.19,1.64,3.37,C,C,11.63,4.56,5.59,6.14,7.88,7.77,2,4,4,F,1 plate gap on left side,NA,2021_2023
45595,Temiscouata,2022,SGH220067,48.29,10.31,7.06,1.86,3.45,C,C,10.74,4.02,5.06,6.01,8.1,7.98,2,4,4,M,NA,NA,2021_2023
NA,NA,NA,NA,NA,NA,NA,NA,NA,NA,NA,NA,NA,NA,NA,NA,NA,NA,NA,NA,NA,NA,NA,2021_2023
TOTAL = 108,NA,NA,NA,NA,NA,NA,NA,NA,NA,NA,NA,NA,NA,NA,NA,NA,NA,NA,NA,NA,NA,NA,2021_2023
17-06-2025,Croche,2025,PT0231,54.72,11.75,5.96,1.83,4.58,C,C,10.55,4.12,4.62,5.35,7.93,8.05,2,4,4,M,NA,NA,2025
23-07-2025,Croche,2025,PT0232,55.7,11.01,4.92,1.22,4.28,C,C,10.66,3.9,4.6,4.88,7.06,7.08,2,4,4,F,NA,NA,2025
17-06-2025,Croche,2025,PT0233,59.19,13.35,6.82,1.86,5.54,C,C,11.51,4.5,5.9,5.89,7.6,8.95,2,4,4,M,NA,NA,2025
23-07-2025,Croche,2025,PT0234,49.26,9.64,5.14,1.14,4.03,C,C,8.05,3.45,4.1,4.47,0,6.18,1,4,4,F,NA,NA,2025
21-07-2025,Croche,2025,PT0235,57.68,12.87,5.94,1.72,4.42,P,P,9.06,4.59,4.12,4.07,6.02,6.63,2,3,4,F,NA,NA,2025
23-07-2025,Croche,2025,PT0236,48.44,10.94,5.35,1.46,3.76,P,P,10.06,3.8,4.7,5.01,7.42,6.71,2,4,4,F,NA,NA,2025
23-07-2025,Croche,2025,PT0237,53.35,11.16,5.9,1.5,4,C,C,9.33,3.89,3.09,4.16,5.57,6.03,2,4,4,F,NA,NA,2025
21-07-2025,Croche,2025,PT0238,50.03,10.9,5.52,1.47,4.28,C,C,6.71,3.8,4.46,4.68,7.4,7.32,2,4,4,F?,NA,NA,2025
17-06-2025,Croche,2025,PT0239,53.03,11.09,5.33,1.3,4.03,C,C,10.56,4.67,4.82,4.16,6.02,7.21,2,4,4,F,NA,NA,2025
17-06-2025,Croche,2025,PT0240,55.6,12.24,6.92,1.66,5.05,C,C,10.15,3.82,4.35,4.14,6.25,6.43,2,4,4,F,2 plate gap right side,NA,2025
23-07-2025,Croche,2025,PT0241,52.71,11.17,6.36,1.33,4.77,C,C,9.99,4.04,5.13,5.12,NA,6.6,2,4,4,M,NA,NA,2025
21-07-2025,Croche,2025,PT0242,47.36,9.91,5.23,1.55,3.37,C,C,8.21,3.56,3.83,4.09,6.16,6.14,2,4,4,?,broken right pspine?,NA,2025
21-07-2025,Croche,2025,PT0255,55.65,12.42,6.01,1.68,4.71,C,C,10.9,4.3,4.45,5.05,7.82,7.92,2,4,4,M,NA,NA,2025
23-07-2025,Croche,2025,PT0256,62.92,13.59,7.14,1.84,5.62,P,P,11.55,5,5.15,5.29,8.18,8.16,2,4,4,M,NA,NA,2025
21-07-2025,Croche,2025,PT0257,54.45,11.55,6,1.53,5.23,C,C,10.91,4,4.47,4.24,7.66,7.37,2,4,4,M,1 plate gap left side,NA,2025
21-07-2025,Croche,2025,PT0258,62.65,13.45,6.65,1.65,5.56,C,P,11.95,4.48,5.2,5.71,8.24,8.36,2,4,4,M,broken left pspine,NA,2025
21-07-2025,Croche,2025,PT0259,58.34,11.77,6.22,1.63,5.08,C,C,10.35,3.99,5.21,5.3,7.51,7.65,2,4,4,M,NA,NA,2025
21-07-2025,Croche,2025,PT0260,57.87,13.74,5.48,1.78,5.2,C,C,10.43,4.53,5.17,5.25,8.15,8.3,2,4,4,F,NA,NA,2025
21-07-2025,Croche,2025,PT0261,56.33,12.16,5.96,1.44,4.9,C,C,9.59,NA,4.45,4.88,0,6.19,1,4,4,M,tapeworm,NA,2025
21-07-2025,Croche,2025,PT0262,55.28,11.64,6.37,1.93,5.02,C,C,10.77,3.97,4.68,4.89,5.96,6.35,2,3,4,M,NA,NA,2025
23-07-2025,Croche,2025,PT0263,54.76,11.03,5.84,1.51,4.12,C,C,11.02,3.97,4.86,4.63,7.16,7.21,2,4,4,F,tapeworm,NA,2025
23-07-2025,Croche,2025,PT0264,52.74,10.7,5.59,1.47,3.89,C,C,9.27,3.81,4.6,5.18,6.78,7.31,2,4,4,F,NA,NA,2025
21-07-2025,Croche,2025,PT0265,57.29,12.05,6.28,1.82,5.17,C,C,11.94,4.16,4.8,5.34,8.36,8.19,2,4,4,M,1 plate gap left side,NA,2025
21-07-2025,Croche,2025,PT0266,60.84,13.87,6.5,1.76,5.17,C,C,10.99,4.48,5.03,5.77,8.33,7.97,2,4,4,?,NA,NA,2025
21-07-2025,Croche,2025,PT0267,NA,9.7,5.06,1.36,4.05,C,C,8.67,3.81,3.73,3.83,NA,6.75,2,4,4,M,NA,NA,2025
21-07-2025,Croche,2025,PT0268,55.26,11.83,6.3,1.83,4.71,C,C,9.93,4.05,4.22,4.59,7.68,7.7,2,4,4,F,"half eaten, broekn right pspine",NA,2025
21-07-2025,Croche,2025,PT0269,61.77,13.31,7.08,1.89,5.46,C,C,11.75,4.6,4.27,4.98,7.38,8.04,2,4,4,M,NA,NA,2025
23-07-2025,Croche,2025,PT0270,56.57,12.24,6.03,1.58,4.91,P,P,10.53,4.23,4.42,5.1,7.33,7.58,2,4,4,F,NA,NA,2025
21-07-2025,Croche,2025,PT0294,57.67,12.88,6.02,1.62,5.24,C,C,10.01,NA,5.8,5.69,0,7.73,1,4,4,F,NA,NA,2025
23-07-2025,Croche,2025,PT0295,56.4,12.31,5.58,1.31,3.71,C,C,NA,NA,5.2,5.62,0,0,0,4,4,F,NA,NA,2025
17-06-2025,Croche,2025,PT0296,55.8,12.29,6.46,1.76,4.93,C,C,11.15,3.93,5.35,5.52,7.36,7.32,2,2,3,M,NA,NA,2025
21-07-2025,Croche,2025,PT0297,60.64,12.78,5.99,1.54,4.63,C,C,11.56,4.02,5.87,6.03,7.05,7.41,2,4,4,F,NA,NA,2025
23-07-2025,Croche,2025,PT0298,33.73,7.27,3.57,0.74,2.49,C,C,4.75,2.58,2.43,2.88,4.94,NA,2,4,4,M?,NA,NA,2025
21-07-2025,Croche,2025,PT0299,63.91,13.9,6.34,1.84,5.13,C,C,12.19,4.64,4.99,5.52,7.92,8.56,2,4,4,F,"1 plate gap left side, tapeworm",NA,2025
23-07-2025,Croche,2025,PT0300,58.67,12.85,6.76,1.53,5.22,C,C,8.73,4.33,5.06,5.1,3.41,7.11,2,4,4,M,NA,NA,2025
21-07-2025,Croche,2025,PT0301,64.84,13.08,6.48,1.79,5.63,C,C,10.53,NA,5.51,6.18,0,7.92,1,4,4,M,reduced pelvic spine,NA,2025
23-07-2025,Croche,2025,PT0302,59.16,12.68,6.55,1.71,5.17,C,C,10.73,4.66,5.71,6.54,8.24,8.22,2,3,4,M,tapeworm,NA,2025
21-07-2025,Croche,2025,PT0303,60.57,12.66,NA,NA,5.34,C,C,NA,NA,5.96,6.07,0,0,0,4,4,M,tapeworm,NA,2025
23-07-2025,Croche,2025,PT0304,67.55,14.14,6.08,1.58,5.56,C,C,11.44,4.76,5.67,6.49,7.71,8.38,2,3,3,F,NA,NA,2025
23-07-2025,Croche,2025,PT0305,55.48,10.64,4.34,1.37,4.79,C,C,NA,NA,4.96,4.94,0,0,0,4,4,M,tapeworm,NA,2025
23-07-2025,Croche,2025,PT0306,42.68,8.73,4.84,1.05,3.51,P,P,8.19,2.94,3.59,2.77,6.55,6.56,2,1,3,M,2 plate gap right side,NA,2025
23-07-2025,Croche,2025,PT0307,45.42,9.46,5.39,1.39,3.7,C,C,7.58,3.06,3.96,4.66,6.1,6.59,2,4,4,M,NA,NA,2025
14-08-2025,Foin,2025,PT0048,49.42,11.51,5.93,1.33,4.73,C,C,9.17,4.11,4.2,4.74,NA,7.11,2,4,4,F,NA,NA,2025
14-08-2025,Foin,2025,PT0247,55.22,12.05,6.26,1.52,4.16,P,P,10.02,4.33,4.55,5.31,7.93,7.91,2,4,4,F,tapeworm,NA,2025
14-08-2025,Foin,2025,PT0248,44.02,8.89,5.07,1.21,3.8,C,C,8.21,3.01,3.97,4.57,6.41,6.77,2,4,4,M,NA,NA,2025
14-08-2025,Foin,2025,PT0249,48.16,10.22,5.97,1.18,4.13,C,C,9.36,3.53,4.18,4.54,6.51,6.89,2,4,4,M,NA,NA,2025
14-08-2025,Foin,2025,PT0250,49.15,11.08,5.23,1.15,3.6,P,P,9.18,3.63,4.51,4.73,6.34,6.92,2,4,4,F,NA,NA,2025
24-07-2025,Rond,2025,PT0110,57.82,12.07,6.35,1.48,5.13,P,P,9.17,4.01,5.29,5.1,6.35,5.89,2,4,4,F,NA,NA,2025
24-07-2025,Rond,2025,PT0111,51.61,9.9,5.55,1.2,3.74,C,C,8.33,3.59,3.68,4.96,6.06,6.08,2,4,4,F,NA,NA,2025
14-08-2025,Rond,2025,PT0112,64.04,13.35,8.06,1.91,5.76,P,P,10.79,4.54,5.77,6.28,8.68,8.77,2,4,4,F,NA,NA,2025
14-08-2025,Rond,2025,PT0113,56.35,11.02,5.93,1.34,4.74,C,P,9.2,3.69,4.46,5.04,7.35,7.52,2,4,4,F,NA,NA,2025
24-07-2025,Rond,2025,PT0114,56.99,10.9,5.69,1.23,4.65,P,P,8.82,3.85,4.68,5.08,6.57,7.04,2,4,4,F,NA,NA,2025
24-07-2025,Rond,2025,PT0115,51.55,10.52,5.23,1.12,4.59,P,P,NA,NA,4.08,4.76,0,0,0,2,2,M,NA,NA,2025
14-08-2025,Rond,2025,PT0116,54.7,10.98,5.79,1.23,4.88,P,P,8.82,3.72,4.27,4.55,6.51,6.24,2,4,4,F,NA,NA,2025
05-08-2025,Rond,2025,PT0117,58.47,10.93,6.23,1.49,4.57,P,P,8.55,4.22,4.43,4.91,6.38,6.71,2,4,4,F,NA,NA,2025
14-08-2025,Rond,2025,PT0118,NA,9.32,4.87,1.02,3.68,C,C,7.15,3.21,3.31,3.77,5.79,5.78,2,4,4,M,"pre-dead/half eaten, tapeworm",NA,2025
24-07-2025,Rond,2025,PT0119,43.68,7.65,3.27,0.54,3.25,C,C,NA,NA,2.86,4.12,0,0,0,1,3,M,NA,NA,2025
24-07-2025,Rond,2025,PT0120,61.49,12.05,5.39,1.54,5.15,P,P,NA,NA,4.92,4.9,0,0,0,1,2,F,tapeworm,NA,2025
24-07-2025,Rond,2025,PT0121,59.36,12.15,6.45,1.69,4.62,C,C,10.24,4.18,5.49,6.09,7.58,7.72,2,4,4,F,NA,NA,2025
05-08-2025,Rond,2025,PT0122,57.43,11.8,5.63,1.57,4.75,P,P,8.43,3.85,5.11,5.15,6.92,7.03,2,4,4,F,NA,NA,2025
05-08-2025,Rond,2025,PT0123,56.66,10.98,5.89,1.29,4.72,P,P,9.71,3.78,4.42,4.87,6.79,6.78,2,4,4,F,NA,NA,2025
14-08-2025,Rond,2025,PT0124,60.49,12.42,6.38,1.26,4.94,C,C,11.1,4.42,4.89,5.08,7.55,7.27,2,4,4,F,NA,NA,2025
05-08-2025,Rond,2025,PT0125,57.68,11.25,6.04,1.48,5.04,C,C,9.93,4.06,4.94,5.51,7.98,8.01,2,4,4,F,NA,NA,2025
24-07-2025,Rond,2025,PT0126,61.73,12.31,5.56,1.41,5.16,C,C,11.18,4.29,3.97,5.13,7.98,8.36,2,4,4,M,2 plate gap right + left side,NA,2025
14-08-2025,Rond,2025,PT0127,55.47,11.05,4.78,1.2,4.22,C,C,9.92,3.69,NA,4.41,6.86,6.81,2,4,4,F,NA,NA,2025
24-07-2025,Rond,2025,PT0128,57.64,11.08,5.64,1.26,4.7,P,P,9.28,3.65,3.78,4.62,4.24,2.72,2,4,4,M,left pelvic spine reduced,NA,2025
24-07-2025,Rond,2025,PT0129,55.84,10.11,4.46,0.98,4.47,C,C,NA,NA,3.82,4.84,0,0,0,2,2,F,NA,NA,2025
14-08-2025,Rond,2025,PT0130,54.75,10.46,6.04,1.24,4.28,C,C,8.95,3.92,4.56,5,6.72,6.56,2,4,4,F,tapeworm,NA,2025
14-08-2025,Rond,2025,PT0131,55.73,10.67,5.92,1.26,4.67,P,P,9.82,3.81,4.58,5.2,7.16,7.43,2,4,4,F,NA,NA,2025
24-07-2025,Rond,2025,PT0244,NA,10.95,6.27,1.11,NA,P,P,10.8,3.83,4.64,4.73,7.99,6.83,2,4,4,M,NA,NA,2025
14-08-2025,Rond,2025,PT0245,47.91,9.6,5.62,1.18,4.05,C,C,8.58,3.39,3.5,4.14,6.36,6.61,2,4,4,M,pre-dead,NA,2025
24-07-2025,Rond,2025,PT0246,48.26,9.32,4.75,1.05,4.01,P,P,7.46,3.02,3.02,3.29,5.7,5.69,2,4,4,M,NA,NA,2025
14-08-2025,Rond,2025,PT0251,54.95,11.21,5.8,1.23,4.34,C,C,8.72,4.03,4.62,5.27,7.39,7.28,2,4,4,F,injured,NA,2025
05-08-2025,Rond,2025,PT0280,55.44,11.95,5.66,1.52,4.22,C,C,9.23,4.13,4.1,4.56,7.57,7.62,2,4,4,F,NA,NA,2025
24-07-2025,Rond,2025,PT0281,47.05,10.08,4.44,1.15,3.57,C,C,NA,NA,3.58,4.21,0,0,0,4,4,F,NA,NA,2025
24-07-2025,Rond,2025,PT0282,45.33,8.6,4.55,1.1,3.51,C,C,NA,NA,3.32,3.81,0,0,0,3,3,F,tapeworm,NA,2025
24-07-2025,Rond,2025,PT0283,55.99,11.06,NA,NA,4.44,C,C,NA,NA,3.89,4.32,0,0,0,2,2,M,"pre-dead, tapeworm",NA,2025
03-11-2025,Rond,2025,PT0313,39.17,7.8,4.36,1.17,2.68,P,P,7.47,2.73,3.52,3.85,4.56,5.56,2,4,4,M,NA,NA,2025
03-11-2025,Rond,2025,PT0314,37.07,7.44,3.72,0.86,2.61,P,P,5.41,2.55,3.02,3.44,4.97,5.13,2,4,4,M,NA,NA,2025
03-11-2025,Rond,2025,PT0315,37.93,8.08,4.11,1.29,2.73,P,P,7.29,2.8,3.91,4.02,6.25,6.11,2,4,4,M,NA,NA,2025
03-11-2025,Rond,2025,PT0316,38.83,7.64,4.39,1,2.5,P,P,7.11,2.74,3.65,3.81,5.98,6.03,2,4,4,F,NA,NA,2025
03-11-2025,Rond,2025,PT0317,39.74,8.04,4.45,1.21,2.56,P,P,7.63,2.86,4.09,4.38,6.8,6.9,2,4,4,M,NA,NA,2025
03-11-2025,Rond,2025,PT0318,54.75,11.88,6.18,1.16,4.02,C,C,9.55,4,4.04,4.61,7.09,6.97,2,4,4,M,NA,NA,2025
03-11-2025,Rond,2025,PT0319,40.91,8.29,4.16,0.93,2.65,P,C,6.37,2.65,3.49,3.91,5.37,5.69,2,4,4,F,tapeworms,NA,2025
02-09-2025,Squatec,2025,PT0171,69.18,14.98,8.35,2.55,4.22,C,C,15.92,5.8,8.07,9.11,10.61,11.49,2,4,4,F,NA,NA,2025
02-09-2025,Squatec,2025,PT0172,70.48,14.39,9.42,2.05,4.93,C,C,15.94,5.61,8.03,7.98,11.07,10.92,2,4,4,M,NA,NA,2025
02-09-2025,Squatec,2025,PT0173,55.65,10.88,6.97,2.15,3.6,C,C,12.24,4.44,6.37,6.83,8.46,8.54,2,4,4,M,NA,NA,2025
02-09-2025,Squatec,2025,PT0174,67.11,14.06,8.32,2.77,4.55,C,C,14.64,5.92,6.82,6.67,9.79,10.07,2,4,4,M,dorsal_2 broken?,NA,2025
02-09-2025,Squatec,2025,PT0175,65.42,13.91,7.51,2.61,4.39,C,C,12.54,5.47,6.77,7.41,9.88,10.37,2,4,4,M,NA,NA,2025
02-09-2025,Squatec,2025,PT0177,55.81,11.24,7.25,1.93,3.03,C,C,12.96,4.42,5.26,6.4,8.28,8.32,2,4,4,F,NA,NA,2025
02-09-2025,Squatec,2025,PT0178,57.2,12.3,7.15,2.82,4.12,C,C,12.72,4.79,6.29,6.44,9.07,9.39,2,4,4,M,NA,NA,2025
02-09-2025,Squatec,2025,PT0179,59.25,12.46,7.79,2.44,3.81,C,C,13.48,4.79,6.92,7.12,9.68,9.99,2,4,4,F,NA,NA,2025
02-09-2025,Squatec,2025,PT0180,55.83,10.9,7.05,2.27,3.86,C,C,12.3,4.38,5.78,5.96,8.69,8.47,2,4,4,M,NA,NA,2025
02-09-2025,Squatec,2025,PT0181,55.94,12.16,7.53,1.78,3.18,C,C,12.62,4.72,6.71,6.88,9.48,9.51,2,4,4,F,NA,NA,2025
02-09-2025,Squatec,2025,PT0182,53.73,10.61,7.33,1.84,3.52,C,C,11.87,4.08,5.6,5.83,7.93,8.16,2,4,4,F,NA,NA,2025
02-09-2025,Squatec,2025,PT0183,57.05,11.76,7.43,1.96,3.2,C,C,11.81,4.72,6.54,7.19,9.21,9.63,2,4,4,F,NA,NA,2025
02-09-2025,Squatec,2025,PT0184,54.89,11.18,7.31,2.08,3.42,C,C,11.3,4.17,5.55,5.78,7.28,7.68,2,4,4,M,NA,NA,2025
02-09-2025,Squatec,2025,PT0185,51.85,10.83,6.85,2.05,3.53,C,C,12.03,4.23,5.17,5.33,8.05,8.51,2,4,4,F,NA,NA,2025
02-09-2025,Squatec,2025,PT0186,58.26,12.84,8.18,2.41,4.17,C,C,13.59,5.12,6.61,7.32,9.17,9.16,2,4,4,M,NA,NA,2025
02-09-2025,Squatec,2025,PT0187,46.62,9.37,5.79,1.51,3.1,C,C,10.46,3.55,5.75,5.86,7.82,7.94,2,4,4,M,NA,NA,2025
02-09-2025,Squatec,2025,PT0284,59.58,11.95,7.39,2.29,4.25,P,P,13.58,4.74,6.84,7.14,9.89,10.06,2,2,1,F,AP morphed?,NA,2025
02-09-2025,Squatec,2025,PT0285,55.34,11.48,6.62,2.39,3.68,C,C,12.85,4.49,5.21,5.69,8.37,8.84,2,4,4,M,NA,NA,2025
02-09-2025,Squatec,2025,PT0286,53.29,10.48,7.13,1.71,3.59,C,C,11.31,4.1,6.34,6.89,8.48,8.71,2,4,4,M,NA,NA,2025
02-09-2025,Squatec,2025,PT0287,65.44,13.26,7.75,2.58,4.73,C,C,14.49,5.5,6.89,7,10.15,10.34,2,4,4,M,NA,NA,2025
02-09-2025,Squatec,2025,PT0288,56.72,11.44,6.45,2.37,3.71,C,C,12.81,4.24,5.84,6.12,8.78,8.8,2,4,4,F,NA,NA,2025
02-09-2025,Squatec,2025,PT0289,53.44,10.46,7.06,1.82,3.82,C,C,11.67,4.31,5.72,6.16,8.68,8.48,2,4,4,M,NA,NA,2025
02-09-2025,Squatec,2025,PT0291,55.59,12.23,6.66,1.67,3.01,C,C,12.76,4.45,6.06,6.75,8.52,8.87,2,4,4,F,fourspines?,NA,2025
02-09-2025,Squatec,2025,PT0292,64.99,12.84,7.48,2.2,4.21,C,C,14.79,5.42,7.4,7.6,10.04,9.72,2,4,4,F,NA,NA,2025
02-09-2025,Squatec,2025,PT0293,54.92,10.7,7.38,1.88,3.85,C,C,11.46,4.2,5.96,6.14,8.46,7.84,2,4,4,F,NA,NA,2025
02-09-2025,Squatec,2025,TP0176,55.25,10.51,6.6,1.71,3.16,C,C,12.39,4.31,5.56,6.35,8.18,8.5,2,4,4,F,NA,NA,2025
14-08-2025,Temiscouata,2025,PT0001,44.18,8.84,5.38,1.56,2.44,C,C,10.2,3.42,5.82,6.2,7.92,8.12,2,4,4,F,NA,NA,2025
14-08-2025,Temiscouata,2025,PT0252,55.35,11.65,6.14,1.74,3.7,C,C,13.05,4.49,6.83,7.68,10.23,10.57,2,4,4,F,tapeworm,NA,2025
14-08-2025,Temiscouata,2025,PT0253,53.84,11.2,5.43,1.79,4.1,C,C,10.69,4.19,6.15,6.36,8.43,4.09,2,4,4,M,NA,NA,2025
14-08-2025,Temiscouata,2025,PT0254,56.17,11.12,5.44,1.84,4.08,C,C,11.33,3.1,5.81,6.22,8.48,8.86,2,4,4,M,reduced left pelvic spine,NA,2025
14-08-2025,Temiscouata,2025,PT0277,42.1,7.98,4.13,1.46,3.03,C,C,8.88,3.11,5.26,5.63,7.65,7.74,2,4,4,M,NA,NA,2025
14-08-2025,Temiscouata,2025,PT0278,47.27,8.97,5.12,1.36,2.89,C,C,10.2,3.58,5.53,5.9,8.18,8.52,2,4,4,F,NA,NA,2025
03-11-2025,Temiscouata,2025,PT0311,38.83,7.53,4.46,1.33,2.32,P,P,8.26,3.16,3.99,4.06,6.34,6.41,2,4,4,F,NA,NA,2025
03-11-2025,Temiscouata,2025,PT0312,36.97,7.28,4.61,1.4,2,C,C,7.83,2.07,3.8,4.05,6.18,5.62,2,4,4,M,NA,NA,2025
03-11-2025,Temiscouata,2025,PT0320,56.83,11.63,6.25,2.08,3.65,P,P,12.24,4.33,6.96,6.63,9.36,9.46,2,4,4,F,NA,NA,2025
03-11-2025,Temiscouata,2025,PT0321,51.26,10.58,5.56,2.12,2.9,C,C,10.2,4.32,4.58,5.16,6.11,6.31,2,4,4,F,NA,NA,2025
03-11-2025,Temiscouata,2025,PT0322,57.96,12.31,5.89,1.96,3.42,C,C,12.59,4.77,5.11,5.47,7.91,8.46,2,4,4,F,NA,NA,2025
NA,NA,NA,NA,NA,NA,NA,NA,NA,NA,NA,NA,NA,NA,NA,NA,NA,NA,NA,NA,NA,NA,NA,2025
TOTAL = 121,NA,NA,NA,NA,NA,NA,NA,NA,NA,NA,NA,NA,NA,NA,NA,NA,NA,NA,NA,NA,NA,NA,2025
30-10-2025,Croche,1981,81-1212-001,23.65,4.77,2.06,0.67,1.38,L,L,NA,NA,1.7,2.15,NA,NA,0,3,3,NA,A6970,NA,1980_1981
30-10-2025,Croche,1981,81-1212-002,23.52,4.73,2.09,0.6,1.58,L,L,NA,NA,2.12,2.18,NA,NA,0,3,3,NA,NA,NA,1980_1981
30-10-2025,Croche,1981,81-1212-003,26.48,5.32,2.22,0.55,1.81,L,L,NA,NA,2.22,2.43,NA,2.41,1,3,4,NA,NA,NA,1980_1981
30-10-2025,Croche,1981,81-1212-004,27.69,5.27,1.8,0.63,1.65,P,P,NA,NA,1.71,2.4,NA,NA,0,3,3,NA,NA,NA,1980_1981
30-10-2025,Croche,1981,81-1212-005,22.29,4.06,NA,NA,1.38,L,L,NA,NA,1.62,1.78,NA,NA,0,1,1,NA,NA,NA,1980_1981
30-10-2025,Croche,1981,81-1212-006,24.4,4.53,NA,NA,1.56,L,L,NA,NA,1.87,2.03,NA,NA,0,1,1,NA,NA,NA,1980_1981
30-10-2025,Croche,1981,81-1212-007,25.37,5.04,2.19,0.69,1.7,L,L,NA,NA,2.44,2.48,NA,NA,0,3,3,NA,NA,NA,1980_1981
30-10-2025,Croche,1981,81-1212-008,23.3,4.14,1.02,0.4,1.26,L,L,NA,NA,1.78,2.04,NA,NA,0,2,3,NA,NA,NA,1980_1981
30-10-2025,Croche,1981,81-1212-009,23.94,4.34,1.25,0.41,1.33,L,L,NA,NA,1.89,1.99,NA,NA,0,2,3,NA,NA,NA,1980_1981
30-10-2025,Croche,1981,81-1212-010,22.79,4.09,2.02,0.61,1.65,L,L,NA,NA,1.43,1.77,NA,NA,0,3,3,NA,NA,NA,1980_1981
30-10-2025,Croche,1981,81-1213-001,25.35,4.79,NA,NA,1.72,P,P,NA,NA,2.47,2.6,NA,NA,0,2,2,NA,NA,NA,1980_1981
30-10-2025,Croche,1981,81-1213-002,23.81,4.3,NA,NA,1.68,L,L,NA,NA,1.98,2.18,NA,NA,0,1,1,NA,NA,NA,1980_1981
30-10-2025,Croche,1981,81-1213-003,23.68,4.06,1.29,0.4,1.38,L,L,NA,NA,1.91,2.38,NA,NA,0,3,3,NA,NA,NA,1980_1981
30-10-2025,Croche,1981,81-1213-004,22.08,3.97,1.07,0.34,1.35,L,L,NA,NA,1.66,1.89,NA,NA,0,3,3,NA,NA,NA,1980_1981
30-10-2025,Croche,1981,81-1213-005,24.35,4.95,1.74,0.52,1.67,L,L,NA,NA,2.27,2.38,NA,NA,0,2,2,NA,NA,NA,1980_1981
30-10-2025,Croche,1981,81-1213-006,22,5.19,NA,NA,1.31,L,L,NA,NA,1.72,2.07,NA,NA,0,1,1,NA,NA,NA,1980_1981
30-10-2025,Croche,1981,81-1213-007,23.55,4.24,NA,NA,1.43,L,L,NA,NA,1.58,1.94,NA,NA,0,2,2,NA,NA,NA,1980_1981
30-10-2025,Croche,1981,81-1213-008,28.59,5.6,2.51,0.72,1.98,P,P,NA,NA,2.73,3.29,NA,NA,0,3,3,NA,NA,NA,1980_1981
30-10-2025,Croche,1981,81-1213-009,24.36,4.02,NA,NA,1.43,L,L,NA,NA,1.97,2.21,NA,NA,0,2,2,NA,NA,NA,1980_1981
30-10-2025,Croche,1981,81-1213-010,22.89,3.96,NA,NA,1.2,L,L,NA,NA,1.71,1.79,NA,NA,0,1,1,NA,NA,NA,1980_1981
30-10-2025,Croche,1981,81-1213-011,25.04,4.18,NA,NA,1.61,P,P,NA,NA,2.13,2.22,NA,NA,0,2,2,NA,NA,NA,1980_1981
30-10-2025,Croche,1981,81-1213-012,28.59,5.29,2.13,0.75,1.74,P,P,NA,NA,2.62,3.03,NA,NA,0,3,3,NA,NA,NA,1980_1981
23-10-2025,Croche,1981,81-1215-001,44.51,9.08,4.15,1.28,3.66,P,P,NA,NA,3.09,3.46,NA,NA,0,3,3,NA,NA,NA,1980_1981
23-10-2025,Croche,1981,81-1215-002,50.82,10.1,4.28,1.58,4.2,C,C,NA,NA,NA,4.29,NA,NA,0,3,3,NA,NA,NA,1980_1981
23-10-2025,Croche,1981,81-1215-003,50.68,10.67,4.5,1.54,3.8,C,C,NA,NA,3.31,3.73,NA,NA,0,3,3,NA,tips of dorsal spines broken,NA,1980_1981
31-10-2025,Rond,1980,80-1050-001,70.22,17.56,7.22,2.61,5.58,C,C,NA,NA,5.01,5.02,NA,NA,0,3,3,NA,NA,NA,1980_1981
31-10-2025,Rond,1980,80-1050-002,46.66,9.39,2.55,0.65,3.35,P,P,NA,NA,3.29,3.54,NA,NA,0,3,3,NA,NA,NA,1980_1981
31-10-2025,Rond,1980,80-1050-003,44.74,9,NA,NA,3.35,P,P,NA,NA,3.89,3.81,NA,NA,0,2,2,NA,NA,NA,1980_1981
31-10-2025,Rond,1980,80-1050-004,42.84,8.58,NA,NA,3.19,P,P,NA,NA,3.3,3.89,NA,NA,0,0,0,NA,NA,NA,1980_1981
23-10-2025,Rond,1981,81-1207-001,37.88,8.05,NA,NA,3.16,P,P,NA,NA,3.61,4.01,NA,NA,0,1,1,NA,NA,NA,1980_1981
23-10-2025,Rond,1981,81-1207-002,47.76,9.76,3.23,0.74,3.72,P,P,NA,NA,3.76,4.56,NA,NA,0,3,3,NA,NA,NA,1980_1981
23-10-2025,Rond,1981,81-1207-003,33.74,6.71,1.95,0.77,2.36,P,P,NA,NA,2.49,2.65,NA,NA,0,1,3,NA,NA,NA,1980_1981
23-10-2025,Rond,1981,81-1207-004,20,3.51,NA,NA,1.06,L,L,NA,NA,1.66,1.9,NA,NA,0,1,1,NA,NA,NA,1980_1981
23-10-2025,Rond,1981,81-1207-005,34.93,7.83,NA,NA,2.33,P,P,NA,NA,2.64,2.98,NA,NA,0,1,1,NA,NA,NA,1980_1981
23-10-2025,Rond,1981,81-1207-006,34.54,6.83,3.05,0.89,2.38,P,P,NA,NA,2.69,2.95,NA,NA,0,1,3,NA,NA,NA,1980_1981
23-10-2025,Rond,1981,81-1207-007,39.38,7.58,NA,NA,2.79,P,P,NA,NA,2.77,3.69,NA,NA,0,1,1,NA,NA,NA,1980_1981
23-10-2025,Rond,1981,81-1207-008,34.55,7.34,NA,NA,2.5,P,P,NA,NA,2.53,2.93,NA,NA,0,1,1,NA,NA,NA,1980_1981
23-10-2025,Rond,1981,81-1207-009,34.8,5.91,2.14,0.68,2.6,P,P,NA,NA,2.34,3.04,NA,NA,0,1,3,NA,NA,NA,1980_1981
23-10-2025,Rond,1981,81-1207-010,33.19,7.31,3.08,1.06,2.5,P,P,NA,NA,2.32,2.96,NA,NA,0,1,3,NA,NA,NA,1980_1981
23-10-2025,Rond,1981,81-1207-011,31.74,7.24,NA,NA,2.3,P,P,NA,NA,2.21,2.92,NA,NA,0,1,1,NA,NA,NA,1980_1981
23-10-2025,Rond,1981,81-1207-012,21.08,3.42,NA,NA,1.53,L,L,NA,NA,1.31,1.61,NA,NA,0,1,1,NA,NA,NA,1980_1981
23-10-2025,Rond,1981,81-1207-013,22.54,3.86,1.82,0.53,1.63,L,L,NA,NA,1.6,1.99,NA,NA,0,2,3,NA,NA,NA,1980_1981
23-10-2025,Rond,1981,81-1208-001,35.1,7.68,NA,NA,2.59,P,P,NA,NA,1.88,NA,NA,NA,0,1,1,NA,NA,NA,1980_1981
23-10-2025,Rond,1981,81-1208-002,40.9,8.51,2.66,0.92,3.52,P,P,NA,NA,NA,NA,NA,NA,0,1,3,NA,NA,NA,1980_1981
23-10-2025,Rond,1981,81-1208-003,45.58,10.44,4.87,1.37,3.42,P,P,NA,NA,3.07,4.11,NA,NA,0,3,3,NA,NA,NA,1980_1981
24-10-2025,Rond,1981,81-1208-004,30.87,6.76,2.5,0.84,2.25,P,P,NA,NA,2.37,3.02,NA,NA,0,2,3,NA,NA,NA,1980_1981
23-10-2025,Rond,1981,81-1208-005,32.06,7.67,NA,NA,2.3,P,P,NA,NA,NA,NA,NA,NA,0,2,1,NA,NA,NA,1980_1981
23-10-2025,Rond,1981,81-1208-006,35.87,7.7,NA,NA,2.61,P,P,NA,NA,2.42,2.63,NA,NA,0,1,1,NA,NA,NA,1980_1981
23-10-2025,Rond,1981,81-1208-007,33.71,7.22,3.17,1.06,2.49,L,L,NA,NA,2.97,3.21,NA,NA,0,3,3,NA,NA,NA,1980_1981
23-10-2025,Rond,1981,81-1208-008,29.13,6.87,2.27,0.67,1.83,P,P,NA,NA,NA,2.37,NA,NA,0,3,3,NA,NA,NA,1980_1981
24-10-2025,Rond,1981,81-1208-009,31.74,6.92,NA,NA,2.39,L,L,NA,NA,2.45,3.01,NA,NA,0,2,2,NA,NA,NA,1980_1981
24-10-2025,Rond,1981,81-1208-010,34.54,6.99,2.15,0.82,2.32,L,L,NA,NA,2.64,2.86,NA,NA,0,3,3,NA,NA,NA,1980_1981
24-10-2025,Rond,1981,81-1208-011,32.46,7.19,NA,NA,2.23,L,L,NA,NA,2.51,2.88,NA,NA,0,1,1,NA,NA,NA,1980_1981
23-10-2025,Rond,1981,81-1208-012,36.81,7.89,3.29,0.95,2.69,P,P,NA,NA,2.91,3.34,NA,NA,0,3,3,NA,NA,NA,1980_1981
23-10-2025,Rond,1981,81-1208-013,32.31,6.84,NA,NA,2.27,L,L,NA,NA,1.87,2.22,NA,NA,0,1,1,NA,NA,NA,1980_1981
24-10-2025,Rond,1981,81-1208-014,30.67,6.71,NA,NA,2.15,L,L,NA,NA,2,2.86,NA,NA,0,1,1,NA,NA,NA,1980_1981
24-10-2025,Rond,1981,81-1208-015,31.9,7.48,1.91,0.95,2.15,L,L,NA,NA,NA,2.38,NA,NA,0,3,3,NA,NA,NA,1980_1981
24-10-2025,Rond,1981,81-1208-016,26.64,5.24,1.53,0.51,1.81,L,L,NA,NA,2.18,2.74,NA,NA,0,1,3,NA,NA,NA,1980_1981
24-10-2025,Rond,1981,81-1208-017,24.94,4.87,NA,NA,1.73,L,L,NA,NA,2.02,2.26,NA,NA,0,1,1,NA,NA,NA,1980_1981
24-10-2025,Rond,1981,81-1208-018,24.5,5.13,NA,NA,1.67,L,L,NA,NA,1.55,1.85,NA,NA,0,1,1,NA,NA,NA,1980_1981
24-10-2025,Rond,1981,81-1208-019,33.45,6.73,NA,NA,2.45,L,L,NA,NA,2.12,2.75,NA,NA,0,2,2,NA,NA,NA,1980_1981
23-10-2025,Rond,1981,81-1208-020,32.86,7.6,2.71,0.87,2.4,P,P,NA,NA,2.87,NA,NA,NA,0,3,3,NA,NA,NA,1980_1981
24-10-2025,Rond,1981,81-1208-021,31.55,6.51,NA,NA,2.27,P,P,NA,NA,2.36,NA,NA,NA,0,2,2,NA,NA,NA,1980_1981
24-10-2025,Rond,1981,81-1208-022,33.16,7.14,2.09,0.76,2.3,L,L,NA,NA,2.09,2.63,NA,NA,0,3,3,NA,NA,NA,1980_1981
24-10-2025,Rond,1981,81-1208-023,32.98,6.91,NA,NA,2.29,L,L,NA,NA,2.64,2.93,NA,NA,0,1,1,NA,NA,NA,1980_1981
23-10-2025,Rond,1981,81-1208-024,33.92,6.31,1.94,0.58,2.31,P,P,NA,NA,2.26,2.81,NA,NA,0,3,3,NA,NA,NA,1980_1981
23-10-2025,Rond,1981,81-1208-025,28.62,5.76,NA,NA,1.83,L,L,NA,NA,1.91,2.45,NA,NA,0,1,1,NA,NA,NA,1980_1981
24-10-2025,Rond,1981,81-1208-026,33.35,6.51,2.52,0.9,2.17,P,P,NA,NA,2.41,3.19,NA,NA,0,3,3,NA,NA,NA,1980_1981
23-10-2025,Rond,1981,81-1208-027,35.34,7.66,NA,NA,2.83,L,L,NA,NA,2.7,2.96,NA,NA,0,2,2,NA,NA,NA,1980_1981
24-10-2025,Rond,1981,81-1208-028,35.62,7.08,2.37,0.83,2.44,P,P,NA,NA,NA,NA,NA,NA,0,3,3,NA,NA,NA,1980_1981
24-10-2025,Rond,1981,81-1208-029,26.06,5.68,NA,NA,1.8,P,P,NA,NA,2.13,2.56,NA,NA,0,1,1,NA,NA,NA,1980_1981
30-10-2025,Rond,1981,81-1209-001,36.52,7.87,NA,NA,2.82,P,P,NA,NA,2.49,3.02,NA,NA,0,3,2,NA,NA,NA,1980_1981
30-10-2025,Rond,1981,81-1209-002,32.54,7.29,2.39,0.65,2.61,P,P,NA,NA,2.74,2.89,NA,NA,0,3,3,NA,NA,NA,1980_1981
30-10-2025,Rond,1981,81-1209-003,34.14,7.3,3.81,0.87,2.47,P,P,NA,NA,NA,NA,NA,NA,0,3,3,NA,NA,NA,1980_1981
30-10-2025,Rond,1981,81-1209-004,29.99,6.55,3.37,0.76,2.14,P,P,NA,NA,2.27,2.51,NA,NA,0,3,3,NA,A6971,NA,1980_1981
30-10-2025,Rond,1981,81-1209-005,31.77,7.54,NA,NA,2.37,L,L,NA,NA,2.61,2.72,NA,NA,0,1,1,NA,NA,NA,1980_1981
30-10-2025,Rond,1981,81-1209-006,29.99,6.33,2.97,0.76,2.21,L,L,NA,NA,2.23,2.62,NA,NA,0,2,3,NA,NA,NA,1980_1981
30-10-2025,Rond,1981,81-1209-007,20.51,2.95,NA,NA,1.22,L,L,NA,NA,1.61,1.75,NA,NA,0,1,1,NA,NA,NA,1980_1981
23-10-2025,Rond,1981,81-1210-001,33.24,6.82,2.5,0.87,2.56,P,P,NA,NA,2.18,3.03,NA,NA,0,3,3,NA,NA,NA,1980_1981
23-10-2025,Rond,1981,81-1210-002,29.49,6.24,NA,NA,1.93,L,L,NA,NA,1.91,2.29,NA,NA,0,2,1,NA,NA,NA,1980_1981
23-10-2025,Rond,1981,81-1210-003,31.02,6.76,NA,NA,2.23,L,L,NA,NA,2.1,NA,NA,NA,0,1,1,NA,NA,NA,1980_1981
23-10-2025,Rond,1981,81-1210-004,36.61,7.42,NA,NA,3.07,P,P,NA,NA,2.57,3.48,NA,NA,0,1,1,NA,NA,NA,1980_1981
23-10-2025,Rond,1981,81-1210-005,36.7,7.27,NA,NA,2.93,P,P,NA,NA,3.01,3.39,NA,NA,0,1,1,NA,NA,NA,1980_1981
23-10-2025,Rond,1981,81-1210-006,33.06,7.13,NA,NA,2.26,L,L,NA,NA,2.58,2.62,NA,NA,0,0,1,NA,NA,NA,1980_1981
23-10-2025,Rond,1981,81-1210-007,32.48,6.43,2.51,0.82,2.27,P,P,NA,NA,2.16,2.92,NA,NA,0,3,3,NA,NA,NA,1980_1981
23-10-2025,Rond,1981,81-1210-008,28.68,5.57,2.2,0.85,2.13,L,L,NA,NA,2.03,2.24,NA,NA,0,3,3,NA,NA,NA,1980_1981
23-10-2025,Rond,1981,81-1210-009,32.11,6.72,2.53,0.88,2.33,P,P,NA,NA,NA,3.36,NA,NA,0,2,3,NA,NA,NA,1980_1981
23-10-2025,Rond,1981,81-1210-010,36.86,8.11,NA,NA,3.13,P,P,NA,NA,2.49,2.99,NA,NA,0,1,1,NA,NA,NA,1980_1981
23-10-2025,Rond,1981,81-1210-011,36.48,7.37,3.15,0.9,2.55,P,P,NA,NA,2.56,2.88,NA,NA,0,3,3,NA,NA,NA,1980_1981
23-10-2025,Rond,1981,81-1210-012,33.37,7.01,1.96,0.62,2.52,L,L,NA,NA,2.38,2.8,NA,NA,0,3,3,NA,NA,NA,1980_1981
23-10-2025,Rond,1981,81-1210-013,33.87,7.44,1.99,0.73,2.27,P,P,NA,NA,2.28,2.82,NA,NA,0,3,3,NA,NA,NA,1980_1981
23-10-2025,Rond,1981,81-1210-014,26.62,4.77,NA,NA,2.04,L,L,NA,NA,2.11,2.46,NA,NA,0,1,1,NA,NA,NA,1980_1981
30-10-2025,Rond,1981,81-1211-001,40.31,8.19,3.23,1.62,3.02,P,P,NA,NA,3.11,3.7,NA,NA,0,3,3,NA,NA,NA,1980_1981
30-10-2025,Rond,1981,81-1211-002,40.47,8.13,2.8,1,2.69,P,P,NA,NA,NA,2.94,NA,NA,0,3,3,NA,NA,NA,1980_1981
30-10-2025,Rond,1981,81-1211-003,34.19,7.46,1.95,0.77,2.52,P,P,NA,NA,2.16,2.97,NA,NA,0,3,3,NA,NA,NA,1980_1981
30-10-2025,Rond,1981,81-1211-004,35.04,7.3,3.32,0.84,2.28,P,P,NA,NA,2.32,2.86,NA,NA,0,3,3,NA,NA,NA,1980_1981
30-10-2025,Rond,1981,81-1211-005,31.99,7.62,NA,NA,2.15,P,P,NA,NA,2.12,2.72,NA,NA,0,1,1,NA,NA,NA,1980_1981
30-10-2025,Rond,1981,81-1211-006,30.77,6.56,NA,NA,2.17,L,L,NA,NA,2.04,2.42,NA,NA,0,1,1,NA,NA,NA,1980_1981
30-10-2025,Rond,1981,81-1211-007,27.87,5.15,NA,NA,1.9,P,P,NA,NA,2.58,2.66,NA,NA,0,1,1,NA,NA,NA,1980_1981
30-10-2025,Rond,1981,81-1211-008,33.11,7.41,2.92,0.82,2.35,L,L,NA,NA,NA,2.8,NA,NA,0,3,3,NA,NA,NA,1980_1981
30-10-2025,Rond,1981,81-1211-009,26.35,4.77,2.08,0.75,1.7,L,L,NA,NA,1.57,1.77,NA,NA,0,3,3,NA,NA,NA,1980_1981
30-10-2025,Rond,1981,81-1211-010,27.68,5.24,2.51,0.97,1.76,P,P,NA,NA,2.08,2.47,NA,NA,0,3,3,NA,NA,NA,1980_1981
30-10-2025,Rond,1981,81-1211-011,22.79,4.84,1.62,0.47,1.64,L,L,NA,NA,1.41,1.68,NA,NA,0,3,3,NA,NA,NA,1980_1981
30-10-2025,Rond,1981,81-1211-012,23.96,4.79,1.51,0.43,1.59,L,L,NA,NA,1.59,1.58,NA,NA,0,2,3,NA,NA,NA,1980_1981
30-10-2025,Rond,1981,81-1211-013,38.25,8.23,NA,NA,2.87,P,P,NA,NA,2.34,3.36,NA,NA,0,2,2,NA,A6999,NA,1980_1981
30-10-2025,Rond,1981,81-1211-014,20.48,3.49,NA,NA,1.36,L,L,NA,NA,NA,1.69,NA,NA,0,1,1,NA,A7000,NA,1980_1981
30-10-2025,Rond,1981,81-1211-015,42.38,8.82,3.26,1.12,3.57,P,P,NA,NA,3.23,3.74,NA,NA,0,3,3,NA,A6997,NA,1980_1981
23-10-2025,Rond,1981,81-1216-001,52.49,10.96,5.54,1.43,4.72,C,C,8.15,4.1,3.5,3.94,NA,5.97,1,3,4,NA,dorsal spines broken,NA,1980_1981
23-10-2025,Rond,1981,81-1216-002,57.24,11.26,5.5,1.61,4.81,C,C,NA,NA,4.38,5.22,NA,NA,0,3,3,NA,NA,NA,1980_1981
NA,NA,NA,NA,NA,NA,NA,NA,NA,NA,NA,NA,NA,NA,NA,NA,NA,NA,NA,NA,NA,NA,NA,1980_1981
NA,NA,NA,NA,NA,NA,NA,NA,NA,NA,NA,NA,NA,NA,NA,NA,NA,NA,NA,NA,NA,NA,NA,1980_1981
TOTAL = 109,NA,NA,NA,NA,NA,NA,NA,NA,NA,NA,NA,NA,NA,NA,NA,NA,NA,NA,NA,NA,NA,NA,1980_1981
